RepoURL,Type
https://github.com/ffersants/web3-2tud1es,Solana
https://github.com/chmerev/candy-machine-v2-mint-solana-ui,Solana
https://github.com/augustine76/solana-escrow,Solana
https://github.com/nevmyatovmakar/tradebots,Solana
https://github.com/nevmyatovmakar/northman,Solana
https://github.com/PurpleSquirrelMedia/musical-sniffle,Solana
https://github.com/MCuenca11/Web3AuthPOC,Multi
https://github.com/DescartesNetwork/interdao.so,Solana
https://github.com/TheMartianArmy/Spaceship-V1,Solana
https://github.com/Boson-so/quarry,Solana
https://github.com/Tincon1/SOLNFTBOT,Private
https://github.com/alvaropaco/nft-sales-bot,Solana
https://github.com/spacemandev-git/wormhole-solana-sdk,Solana
https://github.com/DappStarter/excited-drokklerbed-jNcr,Multi
https://github.com/DappStarter/melodic-buberuet-K8c8,Multi
https://github.com/DappStarter/supreme-loorurtur-m7HK,Multi
https://github.com/remixie/copycats_game,Solana
https://github.com/DappStarter/diligent-rushdrooled-7kW7,Multi
https://github.com/jstarry/solana-feed-rs,Solana
https://github.com/VictorCodeGeekKwasara/crowdfundjs,Solana
https://github.com/Bisonai/orca-api,Solana
https://github.com/springrainroni/anchor_transfer,Solana
https://github.com/energeticlee/counter_app,Solana
https://github.com/mateolafalce/blockssage,Private
https://github.com/0xdeepmehta/lil-introvert,Solana
https://github.com/MarEeee/solana_send_lamports,Solana
https://github.com/IshaMandaviya/Solana_Escrow,Solana
https://github.com/nevmyatovmakar/great-goats,Solana
https://github.com/nevmyatovmakar/jikan,Solana
https://github.com/nevmyatovmakar/dead-pirates,Solana
https://github.com/nevmyatovmakar/pitsoffpercs,Solana
https://github.com/coral-xyz/apr-ui,Solana
https://github.com/0xsol1id/fudility,Solana
https://github.com/Chimp-Bastards/ChimpMarket,Solana
https://github.com/shi-ivam/gif-nft-generator,Multi
https://github.com/Chimp-Bastards/chimpbastards-webpage,Solana
https://github.com/Nikimaru89/Submarine,Solana
https://github.com/cyphersnake/solana-events-parser,Solana
https://github.com/machacekch/solana-cpp-sdk,Solana
https://github.com/donkeizluv/sol-nice-wallet,Solana
https://github.com/obsidiansystems/solana-bridges,Multi
https://github.com/josentaina/juan,Solana
https://github.com/eludius18/Solana-Airdrop,Solana
https://github.com/minne-ape-olis/dao-mint-dashboard,Solana
https://github.com/phuoctung28/dapp_practice,Solana
https://github.com/qasimInvoZone/anchor_rust_calculator,Solana
https://github.com/Umairhassan5/calculatordapp,Solana
https://github.com/d3fkon/sol-escrow,Solana
https://github.com/lucianoacsilva/solana-calculator,Solana
https://github.com/nicolaskiprop/blog,Solana
https://github.com/kronus-protocol/tictactoe-web,Solana
https://github.com/reecen96/Riff-Raffle-Solana-NFT,Invalid
https://github.com/issalcedo/solona-bpf-program,Solana
https://github.com/akshay5995/congenial-palm-tree,Solana
https://github.com/maven-live/maven-frontend,Multi
https://github.com/nevmyatovmakar/mcsol,Solana
https://github.com/cierra2016/Solana-nft-rarity,Private
https://github.com/arthurchen330/Kanon,Solana
https://github.com/black-wyvern-dev/MDS-metaplex-mint-mvp,Solana
https://github.com/VegetarianOrc/shadow-drive-rust,Solana
https://github.com/Parth59/SolanaHackathonSubmit,Solana
https://github.com/cryptoxpotato/solana-program-demo,Solana
https://github.com/turnyay/solana-seed-to-file,Private
https://github.com/vkomenda/auction,Solana
https://github.com/saber-hq/saber-common,Solana
https://github.com/vicyyn/sollectify,Solana
https://github.com/maaz28/nft-metadata-solana,Solana
https://github.com/abnegate/pribs,Private
https://github.com/empire-uts/solana-explorer-fork,Private
https://github.com/JoeHowarth/cpi-example,Solana
https://github.com/a-tsibin/donate-solana,Private
https://github.com/Sure-Protocol/sure-v1,Solana
https://github.com/CryptoMaxPlanck/investmentdao,Private
https://github.com/openchaindev/chapter-x-p2p-swap,Private
https://github.com/SuperCipher/pubsub-smartcontract,Solana
https://github.com/Damin3927/tic-tac-toe,Solana
https://github.com/jesusyanez/mint-solana-nft,Solana
https://github.com/rahul0tripathi/sol_rent_demo,Solana
https://github.com/ZengGang315/solana-dex,Solana
https://github.com/ricardocr987/ricardocr987,Solana
https://github.com/Dikower/candy-machine,Solana
https://github.com/nevmyatovmakar/susanoo,Solana
https://github.com/nevmyatovmakar/trippinape,Solana
https://github.com/apollo0102/NFT_SOL_CAA,Solana
https://github.com/wemersonqueiroz/excaltailwind,Solana
https://github.com/NeverLucky711/solendprotocol-liquidator,Solana
https://github.com/mtariverx/GigaDAO-v2,Private
https://github.com/cuongnguyenngoc/send-token-with-phantom,Solana
https://github.com/wizzeh/governance-rewards-crank,Solana
https://github.com/DappStarter/kind-rushdrooled-JWPw,Multi
https://github.com/paul-schaaf/solsaver,Solana
https://github.com/gching/metaplex-js,Solana
https://github.com/super1114/Anchor-AMM,Solana
https://github.com/ExtropyIO/solana-course,Private
https://github.com/0xdeepmehta/auto-derive-pda,Solana
https://github.com/banke-a/solana-twitter,Private
https://github.com/ZeroQ4/One,Solana
https://github.com/itsjenm/solana-escrow-program,Solana
https://github.com/DappStarter/precious-gomaku-7wjh,Multi
https://github.com/legome0937/CyberApeAge,Solana
https://github.com/tinwritescode/react-plats-solana,Solana
https://github.com/SoftwareArchitect9817/solana-web3,Private
https://github.com/ZclubWeb3/zclub-solana,Solana
https://github.com/ireneio/empty-next,Multi
https://github.com/thefracture/fractures-raffles-main,Private
https://github.com/thefracture/fractures-omnium-swap-main,Private
https://github.com/nguyenminhthong2020/solana-dapp,Solana
https://github.com/zemse/solana-rust-contract,Solana
https://github.com/NorbertBodziony/targeted-airdrop,Solana
https://github.com/serpentacademy/Solana-Smart-Contract-u32-serialize-deserialize-,Solana
https://github.com/ahlinc/ledger-checks,Solana
https://github.com/owentr1369/software_engineer_internship_be,Multi
https://github.com/danmt/drill-program-poc,Solana
https://github.com/jia1076999758/solana-email,Solana
https://github.com/DappStarter/cute-buberuet-H9mW,Multi
https://github.com/DappStarter/better-kielele-BzMP,Multi
https://github.com/DappStarter/tidy-quewoque-CBDg,Multi
https://github.com/DappStarter/zonked-hofobost-WGNR,Multi
https://github.com/ProjectLarix/larix-sdk,Solana
https://github.com/yongDataScince/site,Solana
https://github.com/Vortex-Browser-Software/Vortex-Core,Multi
https://github.com/stream-protocol/checkout-donation-platform,Solana
https://github.com/DragonProtocol/synft-app,Solana
https://github.com/serpentacademy/Validate-Solana-NFT-Holders,Solana
https://github.com/XFrogs/project-centuri-frontend,Solana
https://github.com/mercurial-finance/stable-swap-n-pool-js,Solana
https://github.com/yujuiting/bubble-tea,Multi
https://github.com/paul-schaaf/diy_etf_frontend,Solana
https://github.com/TeamRaccoons/program-sniffer,Solana
https://github.com/wzrdk3lly/solanactf,Solana
https://github.com/TheCre8tor/arguments_and_accounts,Solana
https://github.com/tauseefk/tofuuu-tokenizer,Solana
https://github.com/qasimInvoZone/airdrop,Solana
https://github.com/EpicsDAO/dapp-boilerplate,Solana
https://github.com/HELIOS-Creators-Inc/helios-blockchain-master,Solana
https://github.com/sourabh-garg/escrow-program,Solana
https://github.com/osmanbowser/refactored-octo-chainsaw,Private
https://github.com/DappStarter/likable-streetemi-qDbB,Multi
https://github.com/DappStarter/elated-taquecit-mJrT,Multi
https://github.com/DappStarter/festive-bucehee-qMNL,Multi
https://github.com/DappStarter/humorous-gimine-GQMB,Multi
https://github.com/mhkmcp/react-anchor,Solana
https://github.com/Jonas002/sveltekit-solana,Private
https://github.com/CoachChuckFF/Solana_Treasure_Hunt,Solana
https://github.com/deltafi-trade/deltafi-app-v2,Multi
https://github.com/Chimp-Bastards/chimp-staking,Solana
https://github.com/lucianoacsilva/solana-learning,Solana
https://github.com/vietsaclo/Rust.Solana.Tutorial,Solana
https://github.com/daeshawnballard/chainlink_solana_dapp,Solana
https://github.com/TheCre8tor/epic_project,Solana
https://github.com/beekay2706/calculator_Dapp,Solana
https://github.com/DevonMartens/Solana-Contracts-dApps,Solana
https://github.com/hoang0508/NextJs-Project,Solana
https://github.com/muccurly/third_person,Solana
https://github.com/babilu-online/blok-host-web,Private
https://github.com/IAmadix/Tr,Solana
https://github.com/itswilliam7/react-wallet-adapter-solana,Solana
https://github.com/YutaFujii0/small-code,Invalid
https://github.com/itsfarseen/francium-repro,Invalid
https://github.com/mrgnlabs/funding-rate-arb,Solana
https://github.com/Stepanishin/IKnow-project,Solana
https://github.com/DappStarter/coherent-roquonley-LzLk,Multi
https://github.com/DappStarter/friendly-hopogirn-tKRN,Multi
https://github.com/DappStarter/relieved-strithusrue-MgMK,Multi
https://github.com/DappStarter/exotic-aludup-kQWr,Multi
https://github.com/DappStarter/calm-akhirney-qkFH,Multi
https://github.com/DappStarter/silly-peluque-tBDt,Multi
https://github.com/DappStarter/bizarre-cejogib-RJdL,Multi
https://github.com/anoushk1234/gift-on-solana,Solana
https://github.com/0xdeepmehta/serialize-txs-anchor,Solana
https://github.com/d3fkon/sol-spl-escrow,Solana
https://github.com/SuperGandhi/Facebook-solana,Invalid
https://github.com/infomalhaut/SolanaDevCounter,Solana
https://github.com/koustubhcodes/soltwt,Solana
https://github.com/jaimecobo/fb-solana,Invalid
https://github.com/Muffintechxyz/brightswap,Solana
https://github.com/kajirikajiri/solana,Solana
https://github.com/yun-sangho/solana-escrow-demo,Private
https://github.com/trancongduynguyen1997/solana-simple-escrow,Private
https://github.com/okayowlsx/owlsx,Solana
https://github.com/timov/candy-achine-ui-1,Solana
https://github.com/GriffinMcLennan/Token-Mint,Solana
https://github.com/DappStarter/heavenly-boosubi,Solana
https://github.com/andrewya856/anchor-hw,Private
https://github.com/nhtera/solana-learning,Solana
https://github.com/kevinjanada/arise-solana-program,Solana
https://github.com/devatsrs/solana-airdropping,Solana
https://github.com/crypt0miester/cm-ui-with-signer,Solana
https://github.com/mansijoshi17/Solana-Pay,Solana
https://github.com/godmodegalactus/solana_writer,Invalid
https://github.com/lawmeskiviahs/metaplex_program_library,Solana
https://github.com/CoachChuckFF/Coach-Drive,Solana
https://github.com/Thabii-manii/tiktok-solana,Private
https://github.com/Azaz234/5,Solana
https://github.com/cryptoguru1012/neonomad-staking,Solana
https://github.com/Unboxed-Software/solana-intro-frontend,Solana
https://github.com/rnike/useless-switch,Solana
https://github.com/marinade-finance/marinade-sdk,Solana
https://github.com/openchaindev/chapter-x-auction,Private
https://github.com/sadathiq/brightswapcollections,Solana
https://github.com/radumarica/booking,Solana
https://github.com/Hoon-Dev/Solana-hello-world,Solana
https://github.com/rowlanja/Solana-NFT-Marketplace,Private
https://github.com/sori18/style_dog_ui,Solana
https://github.com/Tincon1/GOB,Private
https://github.com/abdullahshahid137/solana-spl-token-in-rust,Solana
https://github.com/rh0108/rh0108,Invalid
https://github.com/send4fren/send4fren-ui,Solana
https://github.com/DappStarter/witty-ibmemut-FbLb,Multi
https://github.com/brendan-mccaffrey/hello-solana,Private
https://github.com/topsmart20/solmonkey_Solana_marketplace,Solana
https://github.com/nateshirley/swap-structure,Solana
https://github.com/openhaus-dao/tradehaus-program,Solana
https://github.com/Moveworld-so/move-nfts,Solana
https://github.com/lixiaodog/myfirstApp,Solana
https://github.com/Markuwa/testingmintagain,Solana
https://github.com/web3dev26/web3toksol2,Invalid
https://github.com/Tincon1/Goblinz,Private
https://github.com/gsandoval22/SOLegionprueba,Private
https://github.com/youngtrappa/crclub,Solana
https://github.com/pengsol/Epic-master,Private
https://github.com/ryanzola/web3-gif-portal-client,Solana
https://github.com/FabioRocha231/SolanaPlayground,Private
https://github.com/waterboi1729/hbot2,Multi
https://github.com/josephrubin/agora,Solana
https://github.com/TNFTM/clientpad,Solana
https://github.com/kevinee007/molana-landing,Solana
https://github.com/chilliesvo/solana-tutorial,Solana
https://github.com/ke-pan/escrow-solana,Solana
https://github.com/nabeelimran/solana-program,Solana
https://github.com/wyr241/solt,Solana
https://github.com/xdsxds007/solana,Solana
https://github.com/GottliebGlob/candy-machine-ui,Solana
https://github.com/streamdao/woocommerce-payment-gateway,Solana
https://github.com/web3bits/defund,Multi
https://github.com/siamhossain/monkey-theme-website,Solana
https://github.com/mertbezirgan/COMP491_Mint,Solana
https://github.com/BorrisMitchel/nftdrops,Solana
https://github.com/thebobfather2/bgtest,Solana
https://github.com/nikola43/NFTUISOLAPrivateBASIC,Solana
https://github.com/CognitiveArk-Lab/multi-sig-vault,Solana
https://github.com/mahdimp/solana-api,Solana
https://github.com/zdbrig/CES-Solana-Client,Solana
https://github.com/PandaDevA/solana_nft_marketplace,Solana
https://github.com/marianlopezaz/solana-tutorial,Solana
https://github.com/Taka0310/solana-escrow,Solana
https://github.com/Habeebtoyin/Solana_website,Solana
https://github.com/snehendu098/rare-vamp-mint,Solana
https://github.com/mataperezluis/populartnfttest,Solana
https://github.com/wescopeland/hubble-sp-autocompounder,Multi
https://github.com/metadiego/sol-crm-be,Invalid
https://github.com/PandaDevA/metaplex,Solana
https://github.com/coladimeji/helios-repo,Private
https://github.com/CleverChuk/sol-contract,Solana
https://github.com/mahmudsudo/solana_implementation,Solana
https://github.com/nhadi44/lil-akari-222,Solana
https://github.com/TechWebGuy/fetch-nft,Private
https://github.com/PrivetPoka33/c,Solana
https://github.com/blockworks-foundation/voter-stake-registry,Solana
https://github.com/0xBreath/twitter-oauth-client,Solana
https://github.com/DappStarter/precious-niklufarn-9nCC,Multi
https://github.com/DappStarter/brave-longhifquim,Solana
https://github.com/DappStarter/diligent-upobek,Solana
https://github.com/DappStarter/excited-hileshop,Solana
https://github.com/ianbrdeguzman/solana-wallet-dapp,Solana
https://github.com/siskos-k/MetaSpace-Wars,Solana
https://github.com/Unboxed-Software/solana-ping-frontend,Solana
https://github.com/HarrisonPierce/Solidity-Starter,Solana
https://github.com/gypto/SolanaNFT,Solana
https://github.com/olafsnow45/associated-token-account-in-rust,Private
https://github.com/manny22isaac/escrow,Solana
https://github.com/karimelshaarawy/Dex-late-may,Solana
https://github.com/mercurial-finance/stake-ui-v2,Solana
https://github.com/DaviDvD1/SnakeRS-Official-Mint,Solana
https://github.com/PrivetPoka33/b,Solana
https://github.com/lizengping-hub/temperature,Solana
https://github.com/DappStarter/alert-paleli-nHfB,Multi
https://github.com/DappStarter/right-quogesteg-CNPW,Multi
https://github.com/z330789559/mint_nft,Solana
https://github.com/tigthor/pool,Solana
https://github.com/littleboycoding/solana-example,Solana
https://github.com/Lit-Jesus/candy-fix,Solana
https://github.com/jordanpuri/solana-twitter,Private
https://github.com/mihailo-maksa/candy-machine-ui,Private
https://github.com/yohanGuerraz/blockchaine,Multi
https://github.com/serpentacademy/Get-all-transactions-mint-signed-NFTs,Invalid
https://github.com/daxherrera/seanies,Private
https://github.com/Cameron8817/NFT-Marketplace,Solana
https://github.com/coderasha/Serum-Dex,Solana
https://github.com/CaptSly/chicpayv2,Solana
https://github.com/hylsceptic/solana-escrow,Private
https://github.com/rabcau/solana-tutorial,Solana
https://github.com/olderdev1003/solana-helloworld,Solana
https://github.com/Markuwa/testingmint,Solana
https://github.com/banana-wallet/adapter,Private
https://github.com/mashharuki/SolanaNFTDropApp,Solana
https://github.com/Requiem-AI/arberling,Private
https://github.com/devrose901/ntf-staking,Solana
https://github.com/DappStarter/festive-julyee-rjRD,Multi
https://github.com/DappStarter/amused-quebumie-hW6n,Multi
https://github.com/ricardocr987/escrow-v2,Solana
https://github.com/PandaDevA/HerosNFT_marketplace,Private
https://github.com/Stephegbenga/holatest,Solana
https://github.com/SOLAXDEX/swap,Solana
https://github.com/vivekrao1985/solana-start,Solana
https://github.com/chainGossip/Keroverse_Staking,Private
https://github.com/Lkemp1790/HOCStore,Solana
https://github.com/VishyFishy02/Minting-Website,Solana
https://github.com/harshasomisetty/nftamm,Private
https://github.com/nikola43/solana-nft-breeding,Solana
https://github.com/smile930307/solana-nft-breeding,Solana
https://github.com/serpentacademy/send_sol,Solana
https://github.com/genuine-developer/NFT-breeding-with-anchor-on-solana,Solana
https://github.com/kevinee007/arcryptiannft-breeding-solana,Solana
https://github.com/mferrara625/Solana_Escrow,Solana
https://github.com/flipthetip/testtest,Solana
https://github.com/Vampo7152/mint,Solana
https://github.com/jackretterer/theBallerSocietyMint,Solana
https://github.com/tronginc/buildspace-solana-gif-portal,Solana
https://github.com/ebisfo/PoopyheadsSite,Solana
https://github.com/flipthetip/staking2,Solana
https://github.com/drsaint1/scope-stake,Solana
https://github.com/fl1p3mth3b1rd/try_gemfarm,Solana
https://github.com/faikarghas/paranoid-slay-staking-ui,Solana
https://github.com/MLH-Fellowship/NFTCraft,Solana
https://github.com/autocorrectoff/solana_tokens_poc,Solana
https://github.com/Alexia1305/Diplomes,Solana
https://github.com/neoxolotl/airdrop-project-final,Solana
https://github.com/lawmeskiviahs/PDA_Anchor_0-0.24.2,Solana
https://github.com/emberfarkas/musicz-solana,Solana
https://github.com/levi522/r3-marketplace,Solana
https://github.com/blockchainshifu/ProgramDeployPlatform,Private
https://github.com/funcountry/token-experiments,Solana
https://github.com/Tincon1/SOLFeeReedemer,Private
https://github.com/Seto0125/solana-NFT,Solana
https://github.com/ThomasCanCode/crypto_girls_generator_b00n,Multi
https://github.com/ultronDebugs/oneNftMintService,Solana
https://github.com/1zain-haider1/Eth-project-frontend,Solana
https://github.com/abhirambsn/web3-buildspace-gifportal,Solana
https://github.com/ArturCripto/holders-win,Private
https://github.com/DescartesNetwork/sen-idl-parser,Solana
https://github.com/NiftyRewards/nifty-rewards-interface,Multi
https://github.com/Rask467/escrow-test,Private
https://github.com/Dragonwarrior1234/nft-football,Solana
https://github.com/socr102/Raffle_Solana,Solana
https://github.com/noseagenft/mint-site,Solana
https://github.com/brwist/ninja-profile,Solana
https://github.com/Giffen-good/scrape-and-mint-nft,Solana
https://github.com/DappStarter/efficient-bopiku-bwDR,Multi
https://github.com/DappStarter/elegant-huekotin-J8Pt,Multi
https://github.com/KillerJi/solana_program,Private
https://github.com/longmengua/contract-solana,Private
https://github.com/coderasha/Solana-NFT-Marketplace,Solana
https://github.com/danmt/drill-poc,Solana
https://github.com/nlgtEA/test-sol,Solana
https://github.com/SmartWebstar/metaplex-1,Solana
https://github.com/alpha-defi/raydium-frontend-iframe,Solana
https://github.com/narakarax/asdda,Multi
https://github.com/nova-launch/withdraw-royalties,Solana
https://github.com/Ether0405/solana-bpf-program-template,Solana
https://github.com/Nikejan/Solana.dev,Solana
https://github.com/BoBanner420/Ganjaa,Solana
https://github.com/Sharvinm05/candy-machine-v2,Private
https://github.com/Emma66886/buullsolanawork,Solana
https://github.com/U1tra-Labs/solana-program-library,Solana
https://github.com/XP-NETWORK/xpjs,Multi
https://github.com/ibm9471/react_solana_nftviewer,Solana
https://github.com/glow-xyz/nftoken,Solana
https://github.com/Rahuls-Cool/Gamerverse,Solana
https://github.com/ZengGang315/solana-nft-marketplace,Solana
https://github.com/vladyslavtopdev/React-Animation-LandingPage,Solana
https://github.com/ttejas123/tiktok-clone,Solana
https://github.com/viaprotocol/web3-wallets,Multi
https://github.com/KJK-Nice/point-of-sale,Solana
https://github.com/manuwor/Hotel-Dementia-Mint,Solana
https://github.com/kingtiger666/SolanaNFTBot,Solana
https://github.com/incrediblegig/solana-front,Solana
https://github.com/0xwata/solana-dapps-sample,Solana
https://github.com/ZhoufangErqiangu/chating,Solana
https://github.com/Danlowe95/Explorio,Solana
https://github.com/megaman0619/assetbender_ts,Private
https://github.com/crypticmeta/raffle,Solana
https://github.com/imhyeonji/solana-nft-viewer,Solana
https://github.com/DappStarter/amused-diquepu-dk6r,Multi
https://github.com/DappStarter/regular-deflooslu-Gpbj,Multi
https://github.com/DappStarter/fluffy-inastfar-G6Pg,Multi
https://github.com/hordur84/rust-solana-rpc,Solana
https://github.com/thibauddr/cryptocurrency_solana,Solana
https://github.com/jokerrobert920/my-love-rust,Solana
https://github.com/meloket/divvybet-divvy-v1,Solana
https://github.com/Tirka/revertable,Invalid
https://github.com/masnasri-a/minter,Solana
https://github.com/steerc2217/Kami-no-Kage,Solana
https://github.com/talentd1223/ColorPunx,Multi
https://github.com/JonathanTFairy/Dummy-Solana-Market,Solana
https://github.com/DappStarter/nimble-sobaque-gJmf,Multi
https://github.com/BunnyNomics101/nftloans,Solana
https://github.com/Kevin-Heleodoro/solana-frontend-experiment,Solana
https://github.com/thebase666/web3-solana-react-gif-collection,Solana
https://github.com/ConstaXI/nft_drop_solana,Solana
https://github.com/tanmay630/Solana-Giffs-App,Solana
https://github.com/kherincalderon/solana-nft-drop,Solana
https://github.com/warlyware/solana-nft-mint-base,Solana
https://github.com/beekay2706/Random-NFT_Drop-Dapp,Solana
https://github.com/manuochoa/solana-pay,Solana
https://github.com/dao-xyz/protocols,Private
https://github.com/TechWebGuy/solana_web3_demo,Private
https://github.com/hodlen/serum-testbed,Solana
https://github.com/walker1992/stake-reward,Solana
https://github.com/DappStarter/graceful-kebali-K69q,Multi
https://github.com/DappStarter/glossy-ipebed-BJJN,Multi
https://github.com/A-RonWhite/node-apy-api,Solana
https://github.com/nicogioino/solana-meme-portal,Private
https://github.com/angel9015/Vue-Cropper,Solana
https://github.com/Rindt/nft-drop-project,Solana
https://github.com/c-exinsco/nft-drop-starter-project,Solana
https://github.com/Umairhassan5/nft-new-project,Solana
https://github.com/neoxolotl/nft-drop-starter-project-final,Solana
https://github.com/waqarmm/solana-airdrop,Solana
https://github.com/Metacrafters/challenge1-solana,Solana
https://github.com/rickygquick/potprincess,Private
https://github.com/galaxy-comet/solana-serum-dex-main,Solana
https://github.com/IAmad-abd/Tripe,Solana
https://github.com/IAmad-abd/Xyaku,Solana
https://github.com/eRikaNFT/SolAzukiNFT,Private
https://github.com/cutemonstersnft/test-svelte-deploy,Private
https://github.com/smettu1/staked_vote,Solana
https://github.com/ryanzola/solana-pay,Solana
https://github.com/jdaniel96/BalanceAndMintUI,Solana
https://github.com/Brianconn71/airdrop-project-solana,Multi
https://github.com/monomadic/tutorials,Solana
https://github.com/94ljy/nestjs-test,Multi
https://github.com/sanjeetunited100/sol-launch,Solana
https://github.com/RAKESH32/solana-message,Solana
https://github.com/ffakira/example-helloworld,Solana
https://github.com/amilz/solana-playground,Solana
https://github.com/jpass022/SAFE,Solana
https://github.com/baunvb/upfi,Solana
https://github.com/redazul/solana_reactjs,Solana
https://github.com/parasol-finance/presale-application,Solana
https://github.com/sunguru98/merkle-solana-claim,Solana
https://github.com/c-exinsco/solana-pay,Solana
https://github.com/galaxy-comet/solana-dex-main,Solana
https://github.com/axonitte/debonairtest,Solana
https://github.com/AlphaPlusVN/AMeta-nodejs-solana,Multi
https://github.com/Blockchain-Team-become-Millionaire/solana-scity,Private
https://github.com/mixelpixel/forked.one.adept.solana,Solana
https://github.com/FedererKK/Bootcamp,Solana
https://github.com/Masangri/buildspace-sol-gif-portal-backend,Solana
https://github.com/PurpleZone/NFTs,Solana
https://github.com/pnkfluffy/solana-candy-factory,Solana
https://github.com/DappStarter/fabulous-shenafay-P7Bc,Multi
https://github.com/alchemist0803/NFT-market,Solana
https://github.com/InCrypto-io/solana-dice,Solana
https://github.com/solana-labs/solminer,Solana
https://github.com/turnyay/sixtyfourgame,Private
https://github.com/paul-schaaf/solchess,Solana
https://github.com/tsnyder701/everybuddy,Solana
https://github.com/solana-labs/example-tictactoe,Solana
https://github.com/thierryskoda/solana-pay-tutorial,Solana
https://github.com/Shivam-Riyar/fb-solana,Solana
https://github.com/Abhijit20112003/facebook__solana,Solana
https://github.com/steve-kennedy/evangelion-pixels,Solana
https://github.com/xiecy/xdapp-cpi,Solana
https://github.com/YLSMW/ExchangeBooth,Invalid
https://github.com/Tincon1/Ganjapreneurs,Private
https://github.com/Sharvinm05/nft-demo,Solana
https://github.com/leongal/candy-machine-v2-update,Solana
https://github.com/milanhpatel/solana-tutorials,Solana
https://github.com/esc8p/solanabet-frontend,Solana
https://github.com/ottoRothmund/solana-test,Solana
https://github.com/solster-finance/solster-finance,Solana
https://github.com/enjie1337/owlchemist_v2,Solana
https://github.com/efrengarcial/demowallet,Solana
https://github.com/keramostech/keradex,Solana
https://github.com/Onespace-Project/1space-DEX,Solana
https://github.com/TheCre8tor/solana-escrow,Solana
https://github.com/TheArtintheRaw/gsolminter,Private
https://github.com/Pietro-Lungarini/wherescrypto,Multi
https://github.com/zayn-kahn/app,Private
https://github.com/MrRob100/nft-cany-drop,Solana
https://github.com/dhruvsol/collab-nft,Solana
https://github.com/0xdeepmehta/gari-poc,Private
https://github.com/mdepree5/hellomoon-takehome,Private
https://github.com/rolandgvc/nexhack,Solana
https://github.com/The-Great-Ape/client,Solana
https://github.com/frakt-solana/frakt-web,Solana
https://github.com/Henry-bee/metaplex,Solana
https://github.com/aacsspkt/zebec-dca,Private
https://github.com/truedandyman0617/tokean-ata-cli,Solana
https://github.com/webdev0627/NFT-auction-frontend_raffle,Solana
https://github.com/dialectlabs/mango-monitoring-service,Multi
https://github.com/nftsoul/nft-borrow-lend,Private
https://github.com/legendaryphoenixicarus/spl-token-lending-client,Solana
https://github.com/DDS-TuanLD/solana-react-demo,Solana
https://github.com/Tincon1/test123,Private
https://github.com/srirampraveenva/moralis-web3auth,Solana
https://github.com/SovereignPrime/rise-back-end,Solana
https://github.com/marsniper27/Chronicles_Character_manager,Solana
https://github.com/kevinrodriguez-io/web3-auth,Solana
https://github.com/yukiyamamuro/solana_dapp,Solana
https://github.com/opeoyeleke/solcrypt-dex,Solana
https://github.com/sqoin/solana-web-tools,Multi
https://github.com/CedYF/Clay-Mummify,Solana
https://github.com/solongwallet/instruction-parser,Solana
https://github.com/Man-from-earth25/Aladdin,Private
https://github.com/PandaDevA/next-js-11-registration-login-example,Solana
https://github.com/zunairajaved/building-escrow,Solana
https://github.com/Shyft-to/shyft-frontend,Solana
https://github.com/leedsrising/Storefront-with-solana-pay,Solana
https://github.com/zengmengxue/solana-pay-tutorial,Solana
https://github.com/MatthewPrashker/mangoBot,Solana
https://github.com/Yash472001/solana_nft,Solana
https://github.com/davonjagah/sol-compliance,Solana
https://github.com/yoshidan/solana-auction,Solana
https://github.com/kiemtienonline360/solana-lite-metamask,Multi
https://github.com/AudiusProject/audius-client,Invalid
https://github.com/trustee-wallet/trusteeWallet,Multi
https://github.com/OneKeyHQ/onekey-extension,Private
https://github.com/Moonlet/wallet-app,Multi
https://github.com/pokassun/parrot-demo,Solana
https://github.com/Ccoda26/ShopTransactionSolana,Solana
https://github.com/Iceymann18777/dapp-scaffold,Solana
https://github.com/mean-dao/mean-msp-sdk,Solana
https://github.com/BlackenedBettencourt/solana-transfers,Solana
https://github.com/GenesysGo/shadow-drive,Solana
https://github.com/SSLockStar/SolpayUI,Solana
https://github.com/shypkov/upsite,Solana
https://github.com/pratik-mk/Decense,Solana
https://github.com/straightfrench/abstratica-old,Solana
https://github.com/jdaniel96/candy-machine-ui,Solana
https://github.com/m1d1x/mint6,Solana
https://github.com/hieudoanm/pokemon,Private
https://github.com/alpha-defi/raydium-widgets-demo,Solana
https://github.com/tungnt2k/update-metadata-metaplex-nft,Solana
https://github.com/robertkottelin/vaccine-journaling-system,Solana
https://github.com/altaga/Project-Kharon,Solana
https://github.com/ledamint-IO/anchor-22,Invalid
https://github.com/Julpine/chatbox,Solana
https://github.com/cryptoguy55a/solana-staking-frontend,Solana
https://github.com/DescartesNetwork/sen-scripts,Solana
https://github.com/Aadhinana/solana-read-retrieve,Solana
https://github.com/Muhammad-Hasham-Khalid/web3-phantom,Solana
https://github.com/harun0901/solana_dapp,Solana
https://github.com/wozgun/spl-token-bonding,Private
https://github.com/0fatih/solana-escrow,Solana
https://github.com/TeamFunGuyz/funguyz-web,Private
https://github.com/SushanGhimire/web3-solana-react-typescript,Solana
https://github.com/ChrisAbdo/Spotify-Solana,Solana
https://github.com/ByeongHunKim/ts_solana_web3,Solana
https://github.com/nice-chute/lulo-dex-ui,Solana
https://github.com/MoneshROR/full_stack_solana,Solana
https://github.com/thearyanahmed/sol3,Private
https://github.com/daniel-kung/init,Private
https://github.com/snowleopard610/solana-scaffold,Solana
https://github.com/soydulceangelina/react-phantom-connect,Solana
https://github.com/3dvolt/Metaplex-AutionHouse-UI,Solana
https://github.com/GlassEaters/justmint,Solana
https://github.com/prince2115/Tokenitis-prince2115,Solana
https://github.com/alextmn/icc_token,Solana
https://github.com/ninja-space/NFTMarketplace_offer,Solana
https://github.com/xuanbao2008/solana-nft-fiat-wallet,Solana
https://github.com/ConnyFy/solana-nextjs-template,Solana
https://github.com/Coding-and-Crypto/Solana-NFT-Marketplace,Solana
https://github.com/Anavarren1997/BetterHWSolana,Solana
https://github.com/parkergelinas/Rust,Invalid
https://github.com/vamsinole/magic_hat_ui,Private
https://github.com/DappStarter/fabulous-nenige-BktN,Multi
https://github.com/trezm/solana-bug-example-1,Solana
https://github.com/wasmium/CustodianProgram,Private
https://github.com/ireneio/solana-contract,Solana
https://github.com/giorgiocc/account-program,Solana
https://github.com/nightfury1111111111/solana_nft_staking,Private
https://github.com/DescartesNetwork/sen-connector,Solana
https://github.com/black-wyvern-dev/Honey_Pot_DAO,Solana
https://github.com/ChoiceCoin/Compliance,Solana
https://github.com/vamsinole/magic_hat_tshht,Solana
https://github.com/ehsansaleh155/CryptonSolanaDonation,Solana
https://github.com/teledima/solana-test,Invalid
https://github.com/metasal1/sns-api,Solana
https://github.com/lawmeskiviahs/solana-program-client-example,Solana
https://github.com/radumarica/rizwan,Solana
https://github.com/radumarica/test-vercel,Private
https://github.com/Shyft-to/shyft-solana-api,Private
https://github.com/Naguumo/solana-dust-sweeper,Solana
https://github.com/baileyspraggins/gm-anchor,Solana
https://github.com/vchernetskyi993/voting-poc,Multi
https://github.com/LoboVH/candyMachine,Solana
https://github.com/buidler-hub/solkudos,Solana
https://github.com/DappStarter/joyous-maleyar-9FH7,Multi
https://github.com/DappStarter/magical-jobjubif-h6GM,Multi
https://github.com/sudhir-b/deserialise,Solana
https://github.com/AnishDe12020/solana-twitter,Solana
https://github.com/StefosGeo/stake-client-gm,Solana
https://github.com/kmurdzek/TheKnowledgeAcademy,Solana
https://github.com/peacemind/solana-anchor-react,Solana
https://github.com/ClockChainXD/gosawithmodal,Solana
https://github.com/avatarfreak/solana-airdrop,Solana
https://github.com/lawmeskiviahs/spl-token-transfer,Solana
https://github.com/AD-Forensics/Swan-Token-Audit,Solana
https://github.com/sonhaaa/ahnos.io,Private
https://github.com/sarhugo/vue-candy-machine-ui,Solana
https://github.com/0fatih/solana-gif-portal,Solana
https://github.com/armujahid/solana-voting,Solana
https://github.com/captian210/metaplex,Solana
https://github.com/talented0312/NFT_Doll,Multi
https://github.com/bedrock-foundation/bedrock,Solana
https://github.com/DappStarter/educated-gejuebhoum-G9zr,Multi
https://github.com/elitedev09/candy-machine-v2,Solana
https://github.com/DappStarter/silly-kukikad-nMcG,Multi
https://github.com/0xBreath/geyser_indexer,Private
https://github.com/maweiche/solana-pay,Solana
https://github.com/pengxjwawa123/renting-ui,Solana
https://github.com/luohaha/solana-gobinding-demo,Solana
https://github.com/talha4real/updatedmeta,Solana
https://github.com/acehood0126/reactdiscordsolana,Solana
https://github.com/abh1/pubgov-cpi,Solana
https://github.com/danmt/event-manager-dump,Solana
https://github.com/DescartesNetwork/sen-parser,Private
https://github.com/c410-f3r/lucia,Multi
https://github.com/DappStarter/nice-tigofee-6Jrz,Multi
https://github.com/DappStarter/fluffy-pruglaje-W8dn,Multi
https://github.com/Y0h4n3s/xen-token-client,Solana
https://github.com/DappStarter/brave-rosislou-jwbR,Multi
https://github.com/VerifiSari/VerifiSari_Solana,Solana
https://github.com/DappStarter/calm-kejaha-tCRR,Multi
https://github.com/kumarbiplob336/Learn-Solana,Solana
https://github.com/marianod11/alprestreeeeee,Solana
https://github.com/Gostai/custom-wallet,Solana
https://github.com/NormanDevRepo/nft-marketplace,Solana
https://github.com/solana-fm/step-program-library,Solana
https://github.com/DappStarter/perfect-igufit-k69F,Multi
https://github.com/ShortGun2021/solanaNFT-30-05-2022-,Solana
https://github.com/loayei/SolanaContract,Solana
https://github.com/JRB-y/solana-roulette,Solana
https://github.com/giorgiebanoidze25/parasol-finance,Private
https://github.com/lempiy/nft-bazzar,Solana
https://github.com/DappStarter/lovely-bisstamack-Hmkg,Multi
https://github.com/3tomcha/solana_fullstack,Solana
https://github.com/NftCodeForest/NftCodeForest,Solana
https://github.com/ayonsaha2011/solana-app,Solana
https://github.com/danmt/nx-dapp,Multi
https://github.com/femiswosh/dapp-solana-defi,Solana
https://github.com/Aparna-Bindhu/solana-ride-sharing,Solana
https://github.com/cavanmflynn/solsnap,Solana
https://github.com/reactdev-star/tictactoe-solana,Solana
https://github.com/sol-farm/scrapers,Solana
https://github.com/DappStarter/silly-eppeyig-LCwq,Multi
https://github.com/DappStarter/lyrical-sirohu-NqKt,Multi
https://github.com/BASCDAO/web3-map,Solana
https://github.com/0xPratik/update-metadata,Solana
https://github.com/DappStarter/excited-rudusep,Solana
https://github.com/DappStarter/warm-queptepog,Solana
https://github.com/DappStarter/gorgeous-toobooja-Qg8p,Multi
https://github.com/DappStarter/tasteful-pebeyul,Multi
https://github.com/DappStarter/dashing-merodak-GNG9,Multi
https://github.com/orca-so/whirlpools,Solana
https://github.com/zamia/solana-derivation-path-demo,Solana
https://github.com/oliverchang0330/solana-dapp,Private
https://github.com/simba126/frontend-coffee,Solana
https://github.com/hfish7789/Solana-Course,Solana
https://github.com/Alfie/parkerprobe,Solana
https://github.com/setmax/solana-nft-refund,Solana
https://github.com/vieiralucas/soulette,Solana
https://github.com/K-D0T/solanapay,Solana
https://github.com/Ugbahaski/app,Solana
https://github.com/solape-dex/vrf-raffle,Solana
https://github.com/apoorvdwi/MusicWorld,Invalid
https://github.com/NdeemSayyed/scratch-dashboard,Solana
https://github.com/0xSeaj/gmoot-table,Private
https://github.com/josh199483/solana-web3-test,Solana
https://github.com/nfcurti/litjesus,Solana
https://github.com/xtreme911/metaplex,Solana
https://github.com/prkshtshrm4/metaplex1,Solana
https://github.com/PandaDevA/kraken_lottery,Solana
https://github.com/f44z/encode-solana-bootcamp-project,Private
https://github.com/Inpulsgor/pay-to-play,Private
https://github.com/DappStarter/nifty-kreluco-pdtg,Multi
https://github.com/tinkerkode/solana-pay-starter-main,Private
https://github.com/idelgado/solana-lottery-program,Solana
https://github.com/rzoq88/guma,Solana
https://github.com/Amit8206/NFT-Metaplex,Solana
https://github.com/anj-powr/nft-starter,Solana
https://github.com/nihalanisumit/twitter-solana-dapp,Solana
https://github.com/ibrohimkhan/solana-rpc-client-example,Solana
https://github.com/maweiche/solana-nft-mint,Solana
https://github.com/Tonyce/nftmint,Solana
https://github.com/flyingsaucerx/hawksight-staking-helper-code,Solana
https://github.com/pyth-network/governance,Solana
https://github.com/CorinneBosch/spl-wallet,Solana
https://github.com/Iceymann18777/solminer,Solana
https://github.com/Kamilovkz/nft-arweave,Solana
https://github.com/crypt0miester/cm-with-signer,Solana
https://github.com/oliverchang0330/solana-twitter,Private
https://github.com/DappStarter/accurate-wahotay-LhFF,Multi
https://github.com/piavgh/solana-pay,Solana
https://github.com/kiasaki/multisig-ui.sol,Solana
https://github.com/bstar1209/sol_em_poker,Solana
https://github.com/tobiadiks/roulette,Solana
https://github.com/kingtiger666/radium-staking,Solana
https://github.com/Jang-Wonjong/PJT-Solniverse,Solana
https://github.com/blackgar/Solniverse,Solana
https://github.com/trust0212/solana-nft-minting-site-2021-10-08,Solana
https://github.com/Rolex01/solana_learning,Solana
https://github.com/shockValue666/ccc,Solana
https://github.com/DappStarter/unbiased-loshquitof-PQLD,Multi
https://github.com/DappStarter/faithful-pequokak-Gjdr,Multi
https://github.com/Man-from-earth25/fiverr-krypt,Private
https://github.com/alimodarresi/solana-twitter-anchor,Private
https://github.com/SolanaEngineer0502/truesight_protocol,Solana
https://github.com/jpcaulfi/northwestern-hackathon-demos,Solana
https://github.com/cooperateDev/solanaNftStaking,Solana
https://github.com/DappStarter/talented-eyolnal-H6PF,Multi
https://github.com/DappStarter/sincere-capetrue-Wwn8,Multi
https://github.com/DappStarter/smart-shijoma-GfQM,Multi
https://github.com/saulofsouza/study_solana,Solana
https://github.com/IAmad-abd/HeavenL,Solana
https://github.com/wentokay/catch-example,Solana
https://github.com/madrugada-labs/staking-v1,Solana
https://github.com/thomas0114/solana_nft_mint_metaplex-air-world-,Solana
https://github.com/shopeyin5/Mainnet,Solana
https://github.com/nhadi44/mutant_tripping-ape,Solana
https://github.com/mojalil/solana-escrow,Solana
https://github.com/DappStarter/zany-giratiern-7D9T,Multi
https://github.com/DappStarter/funny-segore-hLJM,Multi
https://github.com/KJK-Nice/solana-pay-starter,Solana
https://github.com/SecretStarLight/Sol-Swap,Solana
https://github.com/SharkyFi/client,Solana
https://github.com/ireneio/onepage-template,Multi
https://github.com/captian210/konceptual-frontend,Solana
https://github.com/EVOAUCTION/kyule,Private
https://github.com/desertidaho/nft_market,Solana
https://github.com/farhanali2325/solana-metaplex,Solana
https://github.com/badass-commits/anchor-v12,Private
https://github.com/nfcurti/moonwalkers,Solana
https://github.com/sceptre520/spltoken_transfer,Solana
https://github.com/mmbmha/testingnft,Solana
https://github.com/Bojidar00/solana-voting-client,Solana
https://github.com/tinwritescode/o2-candy-machine,Private
https://github.com/leongal/metaplex,Solana
https://github.com/DappStarter/cultured-abutim-kJNP,Multi
https://github.com/Zaid-maker/spotify-blockchain,Solana
https://github.com/thedonmon/sol-template-wallet,Solana
https://github.com/Shaik-Sirajuddin/Minting-UI,Solana
https://github.com/christophercelaya/solana-candy-machine,Solana
https://github.com/kronus-protocol/tictactoe-contract,Solana
https://github.com/patrickwide/solana-program,Solana
https://github.com/DappStarter/flowery-garuequum-n7rB,Multi
https://github.com/DappStarter/capable-eyiebes-8kw7,Multi
https://github.com/KhalilJouaneh/Solana-Airdrop-Program,Solana
https://github.com/mvcmvvm/mytestproject,Solana
https://github.com/guilleBFG/solana-web-app-solana-contract,Solana
https://github.com/DappStarter/regular-quasuda-JBmh,Multi
https://github.com/stroberrysugar/testanchor,Solana
https://github.com/opub/floor-sweeper,Solana
https://github.com/rohit-710/Web3GifPortal,Solana
https://github.com/fabric-foundation/fabpunkbot,Private
https://github.com/davincci9412/HPadBridge,Invalid
https://github.com/riz1-k/palmverse,Invalid
https://github.com/DappStarter/bouncy-quigero-K7jf,Multi
https://github.com/DappStarter/gentle-niluque-k6RP,Multi
https://github.com/DappStarter/confident-sekulo-jzdb,Multi
https://github.com/IAmad-abd/sol,Solana
https://github.com/Abusayid693/DeFi-reddit,Solana
https://github.com/Yogeshkumar170201/gif-portal,Solana
https://github.com/maksimonishchenko/metaplex,Solana
https://github.com/Texaglo/meaplex_experiment,Solana
https://github.com/fl1p3mth3b1rd/try_nft,Solana
https://github.com/danielionashku/solana,Solana
https://github.com/pablomunozcoronas/solana,Solana
https://github.com/supermean-ayaz/msp-sdk,Private
https://github.com/ZouaouiK/tcp_stream_portfolio,Solana
https://github.com/brson/solana-token-maker,Solana
https://github.com/harmonia-eko/ignition-v4,Solana
https://github.com/tungnnt/sol-wallet-reg,Solana
https://github.com/hwsimmons17/GrowthGate_NFT,Solana
https://github.com/Solottery/Backend,Solana
https://github.com/IAmad-abd/SF,Solana
https://github.com/Bicabo98/Solana-DAPP,Solana
https://github.com/christophercelaya/solana-mint-page,Solana
https://github.com/solsavant/candy-machine-ui,Solana
https://github.com/olafsnow45/token_mint-trans_fee_split,Solana
https://github.com/NosenkoVladislav/nft-website-sh,Solana
https://github.com/XOTTABY4/candy-machine-ui_mint_remain_JAPE_count,Solana
https://github.com/KellianDev/solana-airdrop,Private
https://github.com/IIM-Creative-Technology/NODEJS-SOCKETIO-IIM-DW1-API_HEDDIBU,Solana
https://github.com/anselsol/letsgetit,Solana
https://github.com/kenwambu1914/tiktock-solana,Solana
https://github.com/alchemistgo87/mint-info-app,Solana
https://github.com/snowMan108/nft,Solana
https://github.com/luisazevedo01/Solsong,Private
https://github.com/MaksymLutsiv/pixward-games-test,Solana
https://github.com/NedenSinir/minting-demo,Solana
https://github.com/monkey-king-jim/solana-twitter,Solana
https://github.com/Rust-Coding/facebook-solana,Invalid
https://github.com/mehranfotovat/send_sol,Solana
https://github.com/d-arde/solanaTPS,Solana
https://github.com/starfoxbeta/artbombmetaplex1,Solana
https://github.com/zamia/laag-web-wallet,Solana
https://github.com/crysis1201/multisig_ui,Solana
https://github.com/zachchoi12/solana-social,Solana
https://github.com/AdamReinmuller/multisig,Solana
https://github.com/peeper35/example-random-number,Solana
https://github.com/zangcoder-0210/Solana-Swap-UI,Solana
https://github.com/KingFavourCreates/Solana-Candy-Factory,Solana
https://github.com/baselm/JODC,Solana
https://github.com/danmt/demobase-labs,Solana
https://github.com/baselm/Crypto-Islamic-Financing,Solana
https://github.com/abacus-x/solana-tx-serialization,Solana
https://github.com/ankaszatanka/fairTradeCoffee,Private
https://github.com/graysonsteakley/tiktok-clone,Solana
https://github.com/harlexkhal/cryptex-solana,Solana
https://github.com/benjaminbascary/Challenge_tecnico,Solana
https://github.com/mwangiismuthui/mycalculatordapp,Solana
https://github.com/iigunchev/phantom-wallet,Solana
https://github.com/ExtremelySunnyYK/solana-contracts-basics,Invalid
https://github.com/cleon30/Solana-Practise-Rust,Solana
https://github.com/dbricks-xyz/dbricks-ts,Solana
https://github.com/UniOasis/solana-program-instrcutions,Solana
https://github.com/shalinCS/UTNFT-Beta,Solana
https://github.com/honeydefi/NFT-farm,Solana
https://github.com/ningxin18/solana,Solana
https://github.com/ibrica/money-stream,Solana
https://github.com/tomjpandolfi/frontend-varrock,Solana
https://github.com/JulienWebDeveloppeur/Mokie-s,Solana
https://github.com/jrayoub/wallet-backend,Multi
https://github.com/tctien342/solana-anchor-sample,Solana
https://github.com/DappStarter/diligent-eyiedpem-9ddr,Multi
https://github.com/nina-market/nina,Solana
https://github.com/klaytn/tx-latency-measurement,Multi
https://github.com/Cisharper/script-rc,Solana
https://github.com/highlya/metaplex,Solana
https://github.com/marksikaundi/TikTok-yt,Solana
https://github.com/Vampo7152/candy,Solana
https://github.com/Dragonwarrior1234/Candymachine-with-marketplace,Solana
https://github.com/DovakhinX/Sol-mint,Solana
https://github.com/shopeyin5/MintTemplate,Solana
https://github.com/codebender828/mtalk-webpack,Multi
https://github.com/Sapien-news/pubgov-master,Private
https://github.com/kin-starters/kin-dapp-mogami,Solana
https://github.com/KaKeimei/anchor-helloworld,Solana
https://github.com/tinkerbell07/famecoin-solana,Solana
https://github.com/unchain-dev/solana-wallet-starter-project,Solana
https://github.com/nice-chute/ui-v1,Solana
https://github.com/teqie-io/vote4mee-fe,Solana
https://github.com/q1sm4t/cyrtpo-pitbulls,Private
https://github.com/quangtran8588/SolanaSMCPractice,Solana
https://github.com/saber-hq/merkle-distributor,Solana
https://github.com/jamiefinlayson/solana-candy-factory,Solana
https://github.com/Vampo7152/candy-machine,Solana
https://github.com/daxherrera/seanies-candy-machine-ui,Solana
https://github.com/duythien0912/noxal-nft-mint,Solana
https://github.com/AleLaBestia/tiktok-solana,Solana
https://github.com/ross406/tiktok-solana,Solana
https://github.com/formiat/example-helloworld,Private
https://github.com/NakedKoala/POC,Solana
https://github.com/neonlabsorg/multisig,Private
https://github.com/SajidXRizvi/CandyFac,Solana
https://github.com/wjl8/wish,Solana
https://github.com/amblade/solnftmintapp,Private
https://github.com/sampsonbryce/solana-candy-factory,Solana
https://github.com/baselm/spl-wallet-jodc,Solana
https://github.com/Kamikazeb/Qwetas-NFT,Solana
https://github.com/mmbmha/NFTMintingDev,Solana
https://github.com/topcook/solana-string-append-program,Invalid
https://github.com/psecuresystem/Decentratok,Solana
https://github.com/cryptoguru1024/-Solana_NFT_marketplace,Solana
https://github.com/staccDOTsol/noCopeHere,Solana
https://github.com/gyan0890/RustStudyGroupEscrow,Solana
https://github.com/redsky500/Shine_Finance_Frontend,Solana
https://github.com/richapillai/athena,Multi
https://github.com/everstake/eversol-ts-sdk,Solana
https://github.com/sigridjineth/solana-twitter,Solana
https://github.com/DitJee/Auction-House,Solana
https://github.com/gg658/CropperFinance,Solana
https://github.com/Harry-Potter415/Minting-NFT-Solana,Solana
https://github.com/protonwebmaster/adrenogenesis-metaplex-2,Solana
https://github.com/jessupjn/switchboard-epl-feeds,Solana
https://github.com/bbidarian/metaone,Solana
https://github.com/FAvE01/BRX-LAB,Solana
https://github.com/mecoolmendi/w-whales,Solana
https://github.com/ris-2107/sg2,Solana
https://github.com/stream-protocol/payment-gateway,Solana
https://github.com/carbondesigned/ShareDeso,Solana
https://github.com/Asjad-Waseem/spicy-chicken-frontend,Solana
https://github.com/jaxeaxe/aaa,Solana
https://github.com/noFAYZ/bvll-g,Solana
https://github.com/ris-2107/SGnft,Solana
https://github.com/mairh/nftkit,Private
https://github.com/AhmadLpsn/crowdfunding-platform-client,Solana
https://github.com/fastbreaklabs/contracts,Solana
https://github.com/kenwambu1914/solana-smart-contract,Solana
https://github.com/tearaku/dapp-final,Private
https://github.com/Meachers/XPEARMINT,Solana
https://github.com/plats-network/plats-solana-contract,Private
https://github.com/nightly-labs/solana-adapter,Solana
https://github.com/DappStarter/loving-pikorcon-cF9Q,Multi
https://github.com/DunnCreativeSS/bitstacc,Solana
https://github.com/ksivane/solana-ce,Solana
https://github.com/mathieu-chauvin/Betly,Private
https://github.com/vasanth913/Solona_Sdk,Solana
https://github.com/Mercutio14/YamaSquadNFT,Solana
https://github.com/PandaDevA/Solana_CLI_Typescript,Solana
https://github.com/LowLowCoder-Mel/solana-contract-demo,Solana
https://github.com/Bicabo98/candymachine-v2-boiler-mint-site-noFLP-main,Solana
https://github.com/fennyflop/curly-system,Solana
https://github.com/aaely/web3-template,Solana
https://github.com/nightfury1111111111/aces-card-solana,Invalid
https://github.com/rocalex/solana-pda-demo,Solana
https://github.com/exiled-apes/candy-holders,Solana
https://github.com/Validator-Wars-Dapp/Stake-Pool,Solana
https://github.com/johnrees/treeshake-example,Solana
https://github.com/solanasail/tipsailbot,Solana
https://github.com/uttarayan21/hello-world-solana,Solana
https://github.com/meloket/divvybet-metaplex,Solana
https://github.com/dany-armstrong/sol-todo-list,Solana
https://github.com/SolanaTrade/Trade,Solana
https://github.com/davidzzheng/dux,Private
https://github.com/kimura-sang/nft-art-mint-marketplace,Invalid
https://github.com/erik-26/clone-kyve,Invalid
https://github.com/zarex5/ngf-nft-upgrader,Solana
https://github.com/zloslavistefeev/solana-art,Solana
https://github.com/Wildebeest/askbid,Solana
https://github.com/realsbd/7f-social,Solana
https://github.com/iamoperand/cpi-example-solana,Solana
https://github.com/MrRob100/mycalculatordapp,Private
https://github.com/rai-rakesh/solana-escrow,Solana
https://github.com/SolSpaceHamster/api.solhamster.space,Solana
https://github.com/black-wyvern-dev/solana-spl-faucet,Solana
https://github.com/proxycapital/discord-bot,Solana
https://github.com/cryptodev26/Solana-Condor-NFT-Minting-CM-v2,Private
https://github.com/WarringNations/test-candy-machine-1,Solana
https://github.com/ahsan-arif/candy-machine-mint,Solana
https://github.com/fyfylian/stream-payment,Solana
https://github.com/klemenkerin/pixsol,Solana
https://github.com/Thatguywill12/immortal-babes,Solana
https://github.com/ceramicanft/devnet_test,Solana
https://github.com/gigabit-eth/martiancandy-v2,Solana
https://github.com/ojiubasi-motif/template,Solana
https://github.com/topcook/solana-counter-program,Invalid
https://github.com/ysednevgit/solana-bpf-program,Solana
https://github.com/giorgiebanoidze425/dracula-game-app,Private
https://github.com/SyedArifulIslamEmon/tiktok-solana,Private
https://github.com/certusone/xdapp-book,Multi
https://github.com/alpha-sol/alpha-frontend,Solana
https://github.com/synergy-hyperledger/solana-kyc-program,Solana
https://github.com/metablockshq/metablocks.world,Invalid
https://github.com/fuzzc0re/deliberatively,Solana
https://github.com/JeremyPersing/ownthatmeme,Invalid
https://github.com/dialectlabs/tribeca-frontend,Private
https://github.com/sert121/mintantly-beta,Solana
https://github.com/Aoi1011/amm,Invalid
https://github.com/padhyeSohum/solana-GIF-portal,Solana
https://github.com/ZengGang315/explorer,Solana
https://github.com/JayKickliter/count-tracker,Solana
https://github.com/MathanMK/Solminter,Solana
https://github.com/theogllrd/crowd-funding-solana-program-v2,Solana
https://github.com/vikage/Solana-program-client,Solana
https://github.com/bhagyamudgal/solana-ping-client,Solana
https://github.com/primenumsdev/learn-web3-dapp,Multi
https://github.com/socksrust/xfarm,Multi
https://github.com/gatorbait-eth/anchor,Solana
https://github.com/cyrsis/wsbdegenerate,Solana
https://github.com/nick400/solana-candy-factory,Solana
https://github.com/Smikhotur/ultainfinity-exchange,Solana
https://github.com/Tichubrothers/squid-frontend,Multi
https://github.com/abh1/Sapien.News,Private
https://github.com/wanje125/solana_nft,Solana
https://github.com/domluna/solana-tic-tac-toe,Solana
https://github.com/SuperFly005/solana-escrow,Private
https://github.com/thegreat-vanderlinde/solana-pda,Solana
https://github.com/bhagyamudgal/solana-pay-address,Solana
https://github.com/apausa/solana-ping-client,Solana
https://github.com/igneous-labs/solana-stake-sdk,Solana
https://github.com/Fbossio/itsc_api,Multi
https://github.com/nQuery512/metaplex-goodpick,Solana
https://github.com/openweblabs/web3-elements,Private
https://github.com/jupiter211developer/kick2win,Solana
https://github.com/vthubati/tiktok-solana,Solana
https://github.com/murataslan1/dapp-scaffold-explorer-solana,Solana
https://github.com/0xys/solana-hackerhouse-2022,Solana
https://github.com/AswinWebMob/raydium_application,Solana
https://github.com/DragonProtocol/enchaNFT-landing-page,Solana
https://github.com/fsarihan/sol-zombie-interface,Solana
https://github.com/DappStarter/fearless-eppeyig-hjDh,Multi
https://github.com/DragonProtocol/enchanft,Multi
https://github.com/Ken-tech-max/wehatescammerswebsite,Solana
https://github.com/Atomixy/atomixy,Private
https://github.com/Unboxed-Software/solana-token-client,Solana
https://github.com/smartdev0612/gif-portal-solana,Solana
https://github.com/Grape-Labs/grape-pay,Solana
https://github.com/nireshd/studious-spoon,Private
https://github.com/Hsien-HsiuLiao/solana-escrow-template,Solana
https://github.com/masafumimori/dApps_samples,Multi
https://github.com/RandomizerNetwork/user-interface,Multi
https://github.com/Bi-Mars/solana-counter-test--001,Solana
https://github.com/cleon30/Anchor-Counter,Solana
https://github.com/ArtemLakhurov/bitorbit-google-auth,Solana
https://github.com/jdaviderb/ember-simple-auth-phantom-solana-example,Solana
https://github.com/deltafi-trade/deltafi-homepage,Private